Brewery,Times
resident_culture_plaza,3
town_brewery,3
lenny_boy,3
birdsong,3
devils_logic_630_pm/,3
hopfly_630_pm/,3
midnight_mulligan_630_pm/,2
noda_630_pm/,2
triple_c_630_pm/,2
vaulted_oak_630_pm/,2
fonta_flora_630_pm/,2
petty_thieves_630_pm/,2
blue_blaze_630_pm/,2
catawba_brewery_630_pm/,2
divine_barrel_630_pm/,2
omb,1
heist_barrel_arts_camp_north/,1
bhramari_brewery_630_pm/,1
charlotte_beer_garden_630_pm/,1
lower_left_630_pm/,1
wooden_robot_south_end_6307/,1
sycamore_brewery_630_pm_rain/,1
gilde_brewery_630_pm/,1
